_t1,inventoryNo,regionId,fileName,name,type,subType,regionName,size,rank,_t2,_t3
,AD1,A,L1090611,101 (원오원),도깨비,꽃사자,호이스,대형,A,1. 입구 동그란배+ 새끼2 깨비 (앞면),의자 형태
,AD2,A,L1090617,타고난네 3총사,성,타고난 피 종족,호이스,초대형,S,"2. 가면체험관 (측면, 앞면)",건물
,AD3,A,L1100496,깨뽀졸,도깨비,,호이스,초대형,S,"3. 깨뽀졸 (앞면, 반측, 후면)",조형물/건물/스피커가 붙어있음/h5.1 w6.3 d4.1
,AD4,A,L1090643,몬조,영혼,그림자 셰르파 부족,호이스,중형,B,"4. 검정 표지판 깨비 (앞면, 후면)",표지판
,AD5,A,L1090654,암굴왕,도깨비,변종,호이스,소형,C,"5. 낮은 표지판 깨비 (앞면, 후면)",표지판
,BD1,B,L1090686,피야,도깨비,유랑비,제아쿨,중형,B,1. 치마입은 길쭉깨비 (앞면),조형물
,BD2,B,L1090691,두비다비,도깨비,,제아쿨,소형,E,"2. 두얼굴 깨비 (후면, 앞면)",조형물
,BD3,B,L1090694,갓 (GOT),도깨비,변종,제아쿨,소형,A,"3. 엑스 깨비 (후면, 앞면)",조형물
,BD4,B,L1090700,추누주,만물,,제아쿨,대형,A,"4. 배불뚝 깨비(후면, 앞면)",조형물
,BD5,B,L1090703,궁그무,동물,,제아쿨,소형,E,5. 물음표 깨비 (앞면),조형물
,BD6,B,L1090705,사라 wihtout ㅇ,도깨비,,제아쿨,소형,D,6. 배하트 깨비 (앞면),조형물
,BD7,B,L1090707,오리대감 우리마님,도깨비,,제아쿨,소형,E,7. 쌍둥 오리 깨비 (앞면),조형물
,BD8,B,L1090709,정체불명의 가죽,도깨비,아티팩트,제아쿨,중형,E,8. 별가사리 깨비 (앞면),조형물
,BD9,B,L1090712,미슈,영혼,,제아쿨,중형,B,9. 뾰족 그림자 깨비 (앞면),조형물
,BD10,B,L1090718,청구리,도깨비,,제아쿨,소형,D,10. 짝눈 깨비 (앞면),조형물
,BD11,B,L1090721,하삼,만물,,제아쿨,소형,B,11. 하트삼 깨비 (앞면),조형물
,BD12,B,L1090727,네지,도깨비,변종(통굴),제아쿨,소형,E ,12. 외눈깨비 (앞면),조형물
,BD13,B,L1090733,마기,도깨비,변종(통굴),제아쿨,소형 ,E,13. 화난외눈깨비 (앞면),조형물
,BD14,B,L1090742,촉수벌레 막내,도깨비,,제아쿨,소형,E,14. 잘린다리 바라보는 남자친구 깨비 (앞면),조형물
,BD15,B,L1090748,대갈장군,도깨비,,제아쿨,소형,E,15. 깜짝놀란 여자친구 깨비 (앞면),조형물
,BD16,B,L1090754,야나야,도깨비,,제아쿨,중형,C,16. 머리에 못박혀서 아픈 깨비 (앞면),조형물
,BD17,B,L1090760,야모야,도깨비,,제아쿨,중형,E,17. 고백 깨비 (앞면),조형물
,BD18,B,L1090766,수수깡,도깨비,,제아쿨,중형,D,18. 삼눈 깨비 (앞면),조형물
,BD19,B,L1090772,지야불,도깨비,,제아쿨,소형,D,19. 넙적 고백 깨비 (앞면),조형물
,BD20,B,L1090778,오오니 조다느,도깨비,외래종,제아쿨,중형,C,20. 말붕어 깨비 (앞면),조형물
,BD21,B,L1090784,스믈런의 증기 갑옷,도깨비,아티팩트,제아쿨,중형,A,21. 얼굴 네모 미국말 깨비 (앞면),조형물
,BD22,B,L1090790,스믈런,영혼,통굴,제아쿨,중형,A,22. 코가 네모 말 깨비 (앞면),조형물
,BD23,B,L1090796,초,영혼,,제아쿨,중형,D,23. 초록얼굴 귀신 깨비 (앞면),조형물
,BD24,B,L1090802,누각,도깨비,,제아쿨,대형, A,"24. 배불뚝 깨비 투 (앞면, 후면)",조형물
,CD1,C,L1090814,버섯 하봉,영혼,영혼콜라주,제아쿨,중형,E,1. 노랑파랑 튤립 깨비 (앞면),조형물
,CD2,C,L1100494,왕도깨비,도깨비,,제아쿨,초대형,SS,2.왕도깨비 (앞면),조형물/건물/h5.7 d1.5 w4.8 
,CD3,C,L1090826,여인초 스캇,영혼,영혼콜라주,제아쿨,중형,D,3.해바라기 깨비 (앞면),조형물
,CD4,C,L1090832,쎄시봉 여인초,식물,,제아쿨,중형,A,4.독꽃 깨비 (앞면),조형물
,CD5,C,L1090835,봄이어미의 돌,돌,,제아쿨,대형,D,5. 돌 - 머리에 화분 (앞면),조형물
,CD6,C,L1090844,촉수 벌레 첫째의 돌,돌,,제아쿨,중형,E,6. 돌 - 입에 화분 (앞면),조형물
,CD7,C,L1090850,외로운 논백버미,돌,,제아쿨,소형,C,7. 돌 - 개구리 (앞면),조형물
,CD8,C,L1090862,쾌성 도깨비가 버려둔 돌,식물,,제아쿨,소형,E,8.돌 - 아기귀신 (앞면),조형물
,CD9,C,L1090868,도디리도르의 신발,도깨비,아티팩트,제아쿨,소형,D,9.돌 - 엎어진 햇님 (앞면),조형물
,CD10,C,L1090874,버크,돌,,제아쿨,소형,D,10.돌 - 얼굴반만 남은 깨비 (앞면),조형물
,CD11,C,L1090880,피지와 길섶나그네의 밀애,돌,,제아쿨,초소형,E,11.돌 - 돌위에 미니 도자기 두개 (앞면),조형물
,CD12,C,L1090886,"이십일장군과 사십장군, 그리고 수수깡의 성기",돌,,제아쿨,초소형,E,12.돌 - 돌위에 미니 도자기 세개 (앞면),조형물
,CD13,C,L1090892,버려진 키,돌,,제아쿨,초소형,?,13.돌 - 돌위에 미니 도자기 깨뽀 (앞면),조형물
,CD14,C,L1090898,설문대할망의 가면,돌,아티팩트,제아쿨,소형,E,14.돌 - 귀신돌 위에 미니 도깨비 (앞면),조형물
,CD15,C,L1090904,머랭햄시,돌,,제아쿨,초소형,E,15.돌 - 돌위에 돌하르방 (앞면),조형물
,CD16,C,L1090910,재빠른 마기의 몸,돌,,제아쿨,소형,E,16. 양손 든 미니 도자기 (앞면),조형물
,CD17,C,L1090919,소원탑,돌,,제아쿨,초소형,E,17. 돌 - 돌위에 미니 돌 (앞면),조형물
,CD18,C,L1090925,일몽령,돌,,제아쿨,초소형,E,18.돌 - 돌위에 아이들과 삼몽령중 하나 (앞면),조형물
,CD19,C,L1090931,도디리도르,도깨비,,제아쿨,소형,E,19. 절규하는 작은 도깨비 (앞면),조형물
,CD20,C,L1090934,소굴,돌,,제아쿨,중형,E,20.돌로 둔갑하는 도깨비 (앞면),조형물
,CD21,C,L1090946,소굴들,돌,,제아쿨,중형,E,21.돌네개 머리 도깨비 (앞면),조형물
,CD22,C,L1090952,미무무,돌,,제아쿨,소형,E,22.돌로 둔갑하는 도깨비 (앞면),조형물
,CD23,C,L1090958,사상가 ‘다 눗’,도깨비,반도깨비,제아쿨,초소형,A,23.돌 위에 누워있는 도자도깨비 (앞면),조형물
,CD24,C,L1090961,작은 도깨비 폴,돌,,제아쿨,초소형,E,24.돌 위에 입크게 벌린 도자도깨비 (앞면),조형물
,CD25,C,L1090970,동재,돌,,제아쿨,소형,E,25.돌로 둔갑하는 고양이 깨비(앞면),조형물
,CD26,C,L1090973,통굴,돌,통굴,제아쿨,초소형,E,26.돌 위에 작은 집 도자기 (앞면),조형물
,CD27,C,L1090979,마왕과 칠십사장군,돌,,제아쿨,초소형,D,27. 돌 위에 제우스 와 인간 깨비 (앞면),조형물
,CD28,C,L1090988,비운의 돌,돌,,제아쿨,초소형,E,28. 돌 위에 말의 얼굴 같은걸 한 도자기 (앞면),조형물
,CD29,C,L1090994,디졸,도깨비,,제아쿨,초소형,E,29. 돌 위에 앉아있는 뾰족 도자기 (앞면),조형물
,CD30,C,L1091000,몹비탈,돌,,제아쿨,중형,A,30. 아빠 지키미 문지기(앞면),조형물
,CD31,C,L1100006,단두오름,성,,제아쿨,초대형,S,"31. 아빠관 (앞면, 뒷면)",건물
,CD32,C,L1100015,자질란,돌,,제아쿨,중형,B,32. 아빠 지키미 문지기(앞면),조형물
,CT1,C,L1100018,도깨비 신 나무,신,,제아쿨,대형,SS,"33.아빠나무 (앞면, 측면)",나무
,CD33,C,L1100039,삼백육십사장군,돌,느영나영 / 오백장군,제아쿨,중형,A,34. 노랑 느영나영 (앞면),조형물
,CD34,C,L1100042,사선장,돌,느영나영,제아쿨,중형,B,35. 녹이낀 느영나영 (앞면),조형물
,CD35,C,L1100051,빚,돌,느영나영,제아쿨,중형,B,36. 얼굴만 옥색 느영나영 (앞면),조형물
,CD36,C,L1100057,바거스,돌,느영나영,제아쿨,중형,B,37. 신난 느영나영 (앞면),조형물
,CD37,C,L1100069,느영나영 좌측 탑,탑,느영나영,제아쿨,초대형,A,38. 느영나영 상징문 (앞면),조형물
,CD38,C,L1100075,에라,돌,느영나영,제아쿨,중형,B,39. 손벌린 느영나영 (앞면),조형물
,CD39,C,L1100081,칫,돌,느영나영,제아쿨,중형,B,40. 분홍 느영나영 (앞면),조형물
,CD40,C,L1100091,하이킥커,돌,느영나영,제아쿨,중형,B,41. 손이 여러개인 느영나영 (앞면),조형물
,CD41,C,L1100093,헛,돌,느영나영,제아쿨,중형,B,42. 철조망에 둘러쌓인 둠칫둠칫 느영나영 (앞면),조형물
,CD42,C,L1100099,이짜,돌,느영나영,제아쿨,중형,B,43. 한다리 든 느영나영 (앞면),조형물
,CD43,C,L1100102,파,돌,느영나영,제아쿨,중형,B,44. 팔 길쭉 느영나영 (앞면),조형물
,CD44,C,L1100108,티캇,돌,느영나영,제아쿨,중형,B,45. 팔 길쭉 느영나영 투 (앞면),조형물
,CD45,C,L1100115,지글,돌,느영나영,제아쿨,중형,B,46. 머리가 두개인 느영나영 (앞면),조형물
,CD46,C,L1100120,때매,돌,느영나영,제아쿨,중형,B,47. 옥색 팔벌린 느영나영 (앞면),조형물
,CD47,C,L1100126,그레,돌,느영나영,제아쿨,중형,B,48. 큰 둠칫둠칫 느영나영 (앞면),조형물
,CD48,C,L1100132,구,돌,느영나영,제아쿨,중형,B,49. 형체가 불분명 느영나영 (앞면),조형물
,CD49,C,L1100138,카라리,돌,느영나영,제아쿨,중형,B,50. 팔벌린 느영나영 (앞면),조형물
,CD50,C,L1100144,두붐,돌,느영나영,제아쿨,중형,B,51. 노랑 느영나영 (앞면),조형물
,CD51,C,L1100150,느영나영 우측탑,탑,느영나영,제아쿨,초대형,A,52. 느영나영 상징물 미니 (앞면),조형물
,CD52,C,L1100156,느영나영 후문,탑,느영나영,제아쿨,초대형,A,53. 느영나영 상징물 미니 파랑 (앞면),조형물
,CD53,C,L1100162,옴옴,돌,느영나영,제아쿨,중형,B,54. 얼굴 두개인 느영나영 (앞면),조형물
,CD54,C,L1100168,앉은뱅이 아잉,돌,느영나영,제아쿨,중형,B,55. 주저앉은 보라 느영나영 (앞면),조형물
,CD55,C,L1100175,나디알,영혼,영혼콜라주,제아쿨,중형,B,56. 문귀신 (앞면),조형물
,CD56,C,L1100177,짜라르,돌,느영나영,제아쿨,중형,B,57. 다리벌린 느영나영 (앞면),조형물
,CD57,C,L1100189,소칠,동물,,제아쿨,소형,E,58. 미니 소 깨비 (앞면),조형물
,CD58,C,L1100201,"누군가의 머리였던 네모난, 인자한 얼굴의 탕굴",돌,통굴,제아쿨,소형,E,59. 네모 얼굴 하루방 깨비 (앞면),조형물
,CD59,C,L1100207,누군가의 머리였던 반원 통굴,돌,통굴,제아쿨,소형,E,60. 동그란 전통 도깨비 (앞면),조형물
,CD60,C,L1100213,"누군가의 머리였던 네모난, 후회 가득한 얼굴의 통굴",돌,통굴,제아쿨,소형,E,61. 네모 전통 도깨비 (앞면),조형물
,CD61,C,L1100219,요나프,돌,,제아쿨,중형,E,62. 다리 꼬고 누운 도깨비 (앞면),조형물
,CD62,C,L1100225,누군가의 머리였던 분노 가득한 얼굴의 통굴,돌,통굴,제아쿨,소형,E,63. 네모 전통 도깨비 (앞면),조형물
,CD63,C,L1100231,허수 느영나영,돌,,제아쿨,중형,E,64. 러프한 뒤신 깨비 (앞면),조형물
,CD64,C,L1100237,잭(CD84)의 통굴,돌,통굴,제아쿨,중형,E,65. 재규어 얼굴 깨비 (앞면),조형물
,CD65,C,L1100244,"케소르(CD83)의 돌이된 육신(CD65)
",돌,,제아쿨,소형,E,66. 이빨 (앞면),조형물
,CD66,C,L1100246,잘못 참수한 나머지 두번 참수된 뾰족머리 통굴,돌,,제아쿨,중형,E,67. 뒤로 쓰러진 녀석 (앞면),조형물
,CD67,C,L1100256,오링,도깨비,,제아쿨,소형,D,68. 토끼처럼 생긴 도깨비 (앞면),조형물
,CD68,C,L1100270,칵투스,영혼,,제아쿨,중형,E,69.개구리 같은 도깨비 (앞면),조형물
,CD69,C,L1100276,가리오,영혼,,제아쿨,중형,E,70. 기하학 도깨비(앞면),조형물
,CD70,C,L1100279,,영혼,,제아쿨,중형,E,71. 분홍색 눈이 세개인 도깨비 (앞면),조형물
,CD71,C,L1100288,,영혼,,제아쿨,중형,E,72. 의자가 되는 얼굴 두개 도깨비 (앞면),조형물/의자
,CD72,C,L1100291,,영혼,,제아쿨,중형,E,73.옥색 기하학 도깨비 (앞면),조형물
,CD73,C,L1100300,,영혼,,제아쿨,중형,E,74.분홍색 늙은말 도깨비 (앞면),조형물
,CD74,C,L1100306,,영혼,,제아쿨,중형,E,75.제프쿤스 스타일 흰 도깨비 (앞면),조형물
,CD75,C,L1100309,,영혼,,제아쿨,중형,E,76.제프쿤스 스타일 검은 도깨비 (앞면),조형물
,CD76,C,L1100315,,영혼,,제아쿨,중형,E,77.멕시칸 문양 도깨비 (앞면),조형물
,CD77,C,L1100321,제스트,영혼,,제아쿨,중형,D,78.눈이 네모인 보라민트 도깨비 (앞면),조형물
,CD78,C,L1100327,,영혼,,제아쿨,중형,D,79.ㄱㄴ춤을 추는 도깨비 (앞면),조형물
,CD79,C,L1100336,,영혼,,제아쿨,중형,E,80.코가 별인 도깨비 (앞면),조형물
,CD80,C,L1100342,,동물,,제아쿨,중형,C,81. 붉은 입튀어나온 도깨비 (앞면),조형물
,CD81,C,L1100348,,영혼,,제아쿨,중형,E,82. 민트색 노란 깨비(앞면),조형물
,CD82,C,L1100357,,영혼,,제아쿨,중형,E,83.상어깨비 (앞면),조형물
,CD83,C,L1100363,케소르,영혼,,제아쿨,중형,E,84. 손가락에 별이 붙어있는 깨비 (앞면),조형물
,CD84,C,L1100369,잭,영혼,,제아쿨,중형,B,85.악어깨비 (앞면),조형물
,CD85,C,L1100379,,영혼,,제아쿨,중형,E,86.입술이두꺼운 노란색 분홍색 깨비 (앞면),조형물
,CD86,C,L1100385,,영혼,,제아쿨,중형,E,87.깜짝놀란 파란색하얀색 깨비(앞면),조형물
,CD87,C,L1100391,스릉,영혼,,제아쿨,중형,E,88.눈이 초록색인 용 깨비 (앞면),조형물
,CD88,C,L1100394,,영혼,,제아쿨,중형,E,89.꽃게와 아기용이 붙어있는 깨비 (앞면),조형물
,CD89,C,L1100399,,영혼,,제아쿨,중형,E,90.노란색 파란색 반반 깨비(앞면),조형물
,CD90,C,L1100401,세례안내자 ‘세세’,도깨비,도깨비 / 영혼,제아쿨,소형,D,91.익살맞은 코가 긴 흰 악어 깨비(앞면),조형물
,CD91,C,L1100405,키피,영혼,,제아쿨,중형,B,92.늙은 분홍 긴 신선 (앞면),조형물
,CD92,C,L1100409,쎄시봉 유카,영혼,영혼콜라주,제아쿨,대형,A,93.초록 원숭이 깨비(앞면),조형물
,CD93,C,L1100410,쎄시봉 용설란,식물,,제아쿨,중형,A,94.눈이 옆으로 튀어나온 긴 개굴깨비 (앞면),조형물
,CD94,C,L1100417,"쎄시봉 칵투스 (CD94)
",식물,,제아쿨,중형,A,95.선인장 깨비,조형물
,CD95,C,L1100422,연못깨비,정령,,제아쿨,대형,S,96.연못깨비,조형물
,DD1,D,L1100425,투씨-아,도깨비,가위 종족,제아쿨,소형,D,1. 파란 도깨비불 (앞면),조형물
,DD2,D,L1100428,알껍데기,도깨비,,제아쿨,소형, E,2.눈코입이 따로노는 빨간 깨비 (앞면),조형물
,DD3,D,L1100430,옐로우 아이,영혼,,제아쿨,소형,C,3.눈이 연두색인 검정 깨비 (앞면),조형물
,DD4,D,L1100435,피의 골렘,도깨비,,제아쿨,중형,D,4.머리끝에 매듭이 있는 추상 깨비 (앞면),조형물
,DD5,D,L1100439,체솟,도깨비,,제아쿨,소형,E,5.상반신이 부서진 깨비(앞면),조형물
,DD6,D,L1100441,디오스,영혼,,제아쿨,중형,C,6.젓꼭지에 풀이난 파란 사람형상(앞면),조형물
,DD7,D,L1100444,코랏,도깨비,,제아쿨,중형,C,7.만들어지다 만 깨비(앞면),조형물
,DD8,D,L1100446,칼리스퀘어,도깨비,,제아쿨,소형,D,8.얼굴이 이모티콘인 깨비(앞면),조형물
,DD9,D,L1100447,칼리펭퀸,도깨비,,제아쿨,소형,D,9.얼굴이 이모티콘인대 뒷면인 깨비(앞면),조형물
,DD10,D,L1100452,야옹이,동물,,제아쿨,소형,E,10.쏘우처럼 생긴 깨비(앞면),조형물
,DD11,D,L1100455,혹부리 돼지,동물,,제아쿨,소형,C,11.윙크하는 애기 깨비(앞면),조형물
,DD12,D,L1100457,수지르라,도깨비,,제아쿨,소형,C,12.철퇴를 든 아줌마깨비 (앞면),조형물
,DD13,D,L1100459,ROTH,도깨비,,제아쿨,소형,S,13.방망이를 든 아기깨비(앞면),조형물
,DD14,D,L1100461,아리다,도깨비,,제아쿨,소형,A,14.해리포터 깨비(앞면),조형물
,DD15,D,L1100463,도깨비 신부,도깨비,,제아쿨,소형,E,"15.신부깨비(앞면,세트)",조형물
,DD16,D,L1100465,도깨비 신랑,도깨비,,제아쿨,소형,E,"16.신랑깨비(앞면,세트)",조형물
,DD17,D,L1100467,쬬마숑,도깨비,,제아쿨,소형,E,17.짝눈깨비(앞면),조형물
,DD18,D,L1100471,헨&텔,도깨비,,제아쿨,소형,E,18.동생을 지켜주는 깨비(앞면),조형물
,DD19,D,L1100475,돈잘레말레,도깨비,,제아쿨,중형,A,19.헤라클래스 깨비(앞면),조형물
,DD20,D,L1100477,아이셔,영혼,,제아쿨,중형,C,20.얼굴이 별인 깨비(앞면),조형물
,DD21,D,L1100478,그려진 정승,영혼,,제아쿨,중형,E,21.울고있는 미니 정승(앞면),조형물
,DD22,D,L1100482,파직 코뿔손,동물,,제아쿨,중형,B,22.코가 길쭉한 노란 깨비(앞면),조형물
,DD23,D,L1100485,느타리,도깨비,,제아쿨,중형,A,23.입술이 파란 일그러진 깨비(앞면),조형물
,DD24,D,L1100490,매드리호,식물,,제아쿨,중형,E,24.길쭉한 초록깨비(앞면),조형물
,DD25,D,L1100492,이정퓨,영혼,,제아쿨,중형,E,25.하트를 품은 길쭉한 깨비(앞면),조형물
,ED1,E,L1100500,원만부,탑,,호이스트,초대형,SS,"1.돌아봐세바퀴 (앞면,후면,측면)",건물/H4.7 w2.2 d2.2 
,ED2,E,L1100507,앵두깨비,도깨비,,호이스트,초대형,SS,2.앵두깨비(앞면),조형물/건물/H7 d1.4 w4.9 
,ED3,E,L1100508,피의 가면 ‘황숭이깨비’,도깨비,숭이깨비 종족,호이스트,중형,A,3.숭이깨비 (앞면),조형물
,ED4,E,L1100512,토토속 형제 발모예르,도깨비, 귀속 도깨비 + 숭이깨비 종족,호이스트,대형,S,4. 무등탄 형제 동생 (앞면),조형물
,ED5,E,L1100513,토토속 형제 발앍락,도깨비,귀속 도깨비 + 정령(천지인 돌),호이스트,대형,S,5. 무등탄 형제 형 (앞면),조형물
,ED6,E,L1100519,흰수염 숭이깨비,도깨비,숭이깨비 종족,호이스트,중형,A,6. 옥색 얼굴 숭이 깨비(앞면),조형물
,ED7,E,L1100520,붉은 얼굴 숭이깨비,도깨비,숭이깨비 종족,호이스트,중형,A,7. 뾰족 빨간 얼굴 숭이 깨비(앞면),조형물
,ED8,E,L1100651,휠나리,영혼,영혼콜라주,호이스트,초대형,B,8. 도깨비 초창기 왕얼굴 (앞면),조형물/H4 d0.14 w11 
,ED9,E,L1100531,도깨비 성 aka. 돌무덤,성,돌,호이스트와 제아쿨의 경계,초대형,S,"9. 도깨비 입구 성 (앞면, 후면)",건물/H7.4 d2.9 w14 
,ED10,E,L1100534,대롱깨비,영혼,영혼콜라주,호이스트,중형,C,10. 막대깨비 여자 (앞면),조형물
,ED11,E,L1100536,막이깨비,영혼,영혼콜라주,호이스트,중형,C,11. 막대깨비 남자 (앞면),조형물
,ED12,E,L1100539,영혼꼴라주 도깨비불,영혼,영혼콜라주,호이스트,중형,A,12. 도깨비불 깨비 (앞면),조형물
,ED13,E,L1100541,털복숭이 숭이깨비,도깨비,숭이깨비 or 털복숭이 종족,호이스트,중형,A,13. 옥색 수염난 숭이깨비 (앞면),조형물
,ED14,E,L1100544,옥색 얼굴 아기 숭이깨비,도깨비,숭이깨비 종족,호이스트,소형,D,14. 옥색 숭이깨비 (앞면),조형물
,ED15,E,L1100545,소년별 숭이깨비,도깨비,숭이깨비 종족,호이스트,소형,D,15. 별 숭이깨비 (앞면),조형물
,ED16,E,L1100548,종알종알,영혼,영혼콜라주,호이스트,중형,E,16. 꼬부랑 꽈배기 정승 (앞면),조형물
,ED17,E,L1100549,옥동자 숭이깨비,도깨비,숭이깨비 종족,호이스트,소형,C,17. 옥색 미니 숭이 정승 (앞면),조형물
,ED18,E,L1100552,영혼콜라주 정승,영혼,영혼콜라주,호이스트,중형,E,18. 덩굴로 뒤덮힌 꼬부랑 정승 (앞면),조형물
,ED19,E,L1100556,노란반점 파란 숭이깨비,도깨비,숭이깨비 종족,호이스트,소형,D,19. 하늘색 숭이 귀신 (앞면),조형물
,ED20,E,L1100558,옥색 얼굴 소년 숭이깨비,도깨비,숭이깨비 종족,호이스트,소형,B,20. 옥색 얼굴 꼬마 숭이 깨비 (앞면),조형물
,ED21,E,L1100561,붉은 반점 숭이깨비,도깨비,숭이깨비 종족,호이스트,소형,C,21. 얼굴이 돌아간 숭이 깨비 (앞면),조형물
,ED22,E,L1100565,밀레니엄 탑,탑,돌,제아쿨,대형,S,"22. 아빠의 동그라미 탑 (앞면, 측면 )",조형물/탑/H3.4 w0.5 d0.4 
,FD1,F,L1100586,,영혼,국기,플래그십 아일랜드,소형,E,1. 부서진 노란거 (후면),조형물
,FD2,F,L1100589,,영혼,국기,플래그십 아일랜드,소형,E,2. 브라질 (후면),조형물
,FD3,F,L1100590,,영혼,국기,플래그십 아일랜드,소형,E,3. 노란테두리 (후면),조형물
,FD4,F,L1100592,,영혼,국기,플래그십 아일랜드,소형,E,4. 노란거 (후면),조형물
,FD5,F,L1100597,,영혼,국기,플래그십 아일랜드,소형,E,5. 일본 (후면),조형물
,FD6,F,L1100581,,영혼,국기,플래그십 아일랜드,소형,E,"6. 한국(전면, 후면)",조형물
,FD7,F,L1100600,,영혼,국기,플래그십 아일랜드,소형,E,7. 퍼런빛 (후면),조형물
,FD8,F,L1100602,,영혼,국기,플래그십 아일랜드,소형,E,8. 하얗고 조그만놈 (후면),조형물
,FD9,F,L1100606,,영혼,국기,플래그십 아일랜드,소형,E,9. 뉴질랜드(후면),조형물
,FD10,F,L1100609,,영혼,국기,플래그십 아일랜드,소형,E,10. 하얀놈 (후면),조형물
,FD11,F,L1100613,,영혼,국기,플래그십 아일랜드,소형,E,11. 싱가폴(후면),조형물
,FD12,F,L1100615,,영혼,국기,플래그십 아일랜드,소형,E,12.퍼런 조그만놈 (후면),조형물
,FD13,F,L1100620,,영혼,국기,플래그십 아일랜드,소형,E,13.태국 (후면),조형물
,FD14,F,L1100623,장고깨비,만물,,선래흘,중형,A,"14. 냉장고 깨비 (전면, 후면)",조형물
,FD15,F,L1100628,,돌,,선래흘,,E,15. 미니 개집 깨비 (전면),조형물
,FD16,F,L1100630,,돌,,선래흘,,D,16. 돌위에 돌하르방 이면상 (후면),조형물
,FD17,F,L1100633,,돌,,선래흘,,C,17. 납작한 두꺼비 같은 돌 깨비 (전면),조형물
,FD18,F,L1100634,,돌,,선래흘,,E,18.햇님,조형물
,FD19,F,L1100639,,도깨비,도깨비 / 돌,선래흘,,C,19.개집 깨비,조형물
,FD20,F,L1100643,모자장수 옥예티,도깨비,,선래흘,소형 ,S,20.어벤저스,조형물
,GD1,G,L1100649,포크레인,만물,아티팩트,카리스,대형,SS,1. 포크레인,포크레인
,GD2,G,L1100656,,만물,,카리스,,S,2.나팔을 부는 정크아트 (뒷면),조형물
,GD3,G,L1100660,,만물,,카리스,,S,3.빗자루 정크아트,조형물
,GD4,G,L1100663,,만물,,카리스,,S,4. 다리미 정크아트 ,조형물
,GD5,G,L1100664,,만물,,카리스,,S,5.선풍기 정크아트,조형물
,GD6,G,L1100667,,만물,,카리스,,S,6. 바닥에 있는 선풍기 머리 정크아트,조형물
,GD7,G,L1100671,,만물,,카리스,,S,7.화분 친구들 네개 정크아트,조형물
,GD8,G,L1100673,,만물,,카리스,,S,8.전봇대 커플 정트아트,조형물
,GD9,G,L1100677,,만물,,카리스,,S,9.굴뚝 정크아트,조형물
,GD10,G,L1100682,,만물,,카리스,,S,10.꾀돌이 정크아트,조형물
,GD11,G,L1100684,,만물,,카리스,,S,11.시계수리공 정크아트,조형물
,GD12,G,L1100685,,만물,,카리스,,S,12. 요리사 정크아트,조형물
,GD13,G,L1100688,,만물,,카리스,,S,13.장독대 위에 자동차 부품 정크아트,조형물
,GD14,G,L1100689,,만물,,카리스,,S,14. 장독대 두개 위에 팬이랑 자그마한거 정크아트,조형물
,GD15,G,L1100691,,만물,,카리스,,S,15.장독대 위에 어떤거 두개 올라간 정크아트,조형물
,GD16,G,L1100694,,만물,,카리스,,S,16.숙녀아가씨 정크아트 ,조형물
,GD17,G,L1100695,,만물,,카리스,,S,17. 짱구동생 정크아트,조형물
,GD18,G,L1100698,,만물,,카리스,,S,18. 수염아저씨 정크아트 ,조형물
,GD19,G,L1100699,,만물,,카리스,,S,19. 동구리 정크아트,조형물
,GD20,G,L1100703,,만물,,카리스,,S,20. 장독대 두개 위에로봇박사2 정크아트 ,조형물
,GD21,G,L1100704,,만물,,카리스,,S,21.로봇박사1 정크아트,조형물
,GD22,G,L1100707,,만물,,카리스,,S,22. 관찰자2 정크아트,조형물
,GD23,G,L1100708,,만물,,카리스,,S,23. 관찰자1 정크아트,조형물
,GD24,G,L1100711,,만물,,카리스,,S,24.메뚜기 정크아트,조형물
,GD25,G,L1100712,,만물,,카리스,,S,25.사마귀 정크아트 ,조형물
,GD26,G,L1100714,,만물,,카리스,,S,26. 장독대 위에 허수아비 삼총사 정크아트,조형물
,GD27,G,L1100716,,만물,,카리스,,S,27. 원숭이 정크아트 ,조형물
,GD28,G,L1100719,,만물,,카리스,,S,28. 마우스 삼총사 정크아트,조형물
,GD29,G,L1100721,,만물,,카리스,,S,29. 수염아저씨 정크아트,조형물
,GD30,G,L1100723,,만물,,카리스,,S,30.마징가z 정크아트,조형물
,GD31,G,L1100727,,만물,,카리스,,S,31. 이름없는 네모난 정크아트 (뒷면),조형물
,GD32,G,L1100730,,만물,,카리스,,S,32.팬 정크아트,조형물
,GD33,G,L1400598,,탑,만물,카리스,,A,33.송창호 기념비,기념비
,HD1,H,L1100737,흑정승,도깨비,,으시시 - 동쪽 구역,대형,S,1. 흑정승,조형물
,HD2,H,L1100749,음욕,영혼,,으시시 - 동쪽 구역,대형,B,2.눈이 보라색인 멋쟁이,조형물
,HD3,H,L1100751,질투,영혼,,으시시 - 동쪽 구역,대형,B,3.파란 선글라스를 낀 멋쟁이,조형물
,HD4,H,L1100755,으시시 뒷문 aka. 지옥문,영혼,,으시시 - 동쪽 구역,대형,A,4. 으시시 뒷문 얼굴이 빨간 문지기,조형물
,HD5,H,L1100758,탐욕,영혼,,으시시 - 동쪽 구역,대형,A,5.의자가 되는 두개짜리 기하학,조형물/의자
,HD6,H,L1100761,분노,영혼,,으시시 - 동쪽 구역,대형,A,6.의자가 되는 두개짜리 개구리 형제,조형물/의자
,HD7,H,L1100764,나태,영혼,,으시시 - 동쪽 구역,대형,A,7.의자가 되는 두개짜리 가슴에 파란 원,조형물/의자
,HD8,H,L1100767,음욕의 꼬리,영혼,,으시시 - 동쪽 구역,소형,D,8.하트와 함께있는 개구쟁이 깨비,조형물
,HD9,H,,교만,영혼,,으시시 - 동쪽 구역,대형,S,9. 사라진 멋쟁이 문지기1,조형물
,HD10,H,,인색,영혼,,으시시 - 동쪽 구역,대형,S,10. 사라진 멋쟁이 문지기2,조형물
,ID1,I,L1100783,도리스와 와리스,도깨비,변종(통굴),선래흘,소형,A,1. 머리가 파란손가락 나무 깨비,조형물
,ID2,I,L1100776,무언성,성,,선래흘,초대형,SS,"2.무언성(언덕뷰, 벽면뷰)",건물
,ID3,I,L1100785,두둠두,도깨비,,쾌성,소형,A,3. 화장실 깨비 남자,조형물
,ID4,I,L1100787,캐오오,도깨비,,쾌성,소형,A,4.화장실 깨비 여자,조형물
,ID5,I,L1100790,북칙타,도깨비,,쾌성,소형,A,5.화장실 깨비 여자 투,조형물
,ID6,I,L1100795,툽 aka 거대아르미,동물,,선래흘,대형,S,6.소,조형물/h3.2 w3 d1.3 
,ID7,I,L1100799,줄기사자,동물,,선래흘,대형,S,7.서커스 오리깨비,조형물
,ID8,I,L1100801,너무다나무,도깨비,변종(통굴),선래흘,중형,B,8. 나무에 휘감긴 기린들,조형물
,ID9,I,L1100804,삼몽령,영혼,,해인경,초대형,SS,9. 삼몽령,조형물/건물/h5.5 d0.14 w20 
,ID10,I,L1100808,잎피리와 잎피리피리와 잎피리피리피리,도깨비,유랑비,해인경,대형,A,10. 둥근입이 다리인 삼깨비,조형물
,ID11,I,L1100986,그래그리오 사형제,도깨비,유랑비,해인경,"대형, 소형",D,11. 멋쟁이 사깨비,조형물
,JD1,J,L1100810,허수허수깨비,도깨비,?,으시시,?,A,1. 허수허수깨비,조형물
,JD2,J,L1100814,으시시,성,,으시시,초대형,SS,2.으시시,건물
,JD3,J,L1100816,어둑시니,도깨비,,으시시,소형~초대형,S,3.으시시 기둥,조형물
,KD1,K,L1100820,깨슈타인타워,성,도깨비,미치,초대형,SS,"1. 초록성깨비 (전면, 후면)",건물
,KD2,K,L1100826,으시시 옆문,도깨비,,미치와 으시시의 경계,대형,S,2.으시시 옆문,건물
,KD3,K,L1100828,집씨,도깨비,털복숭이 종족,미치,소형,D,3.으시시 옆문 지키미 오른쪽 털복숭이,조형물
,KD4,K,L1100830,보터링,도깨비,털복숭이 종족,미치,소형,E,4.으시시 옆문 지키미 왼쪽 작은 털복숭이,조형물
,KD5,K,L1100832,존프르숭이,도깨비,숭이깨비 종족,미치,소형,C,5.으시시 옆문 지키미 왼왼쪽 파란 숭이깨비,조형물
,KD6,K,L1100833,난파 숭이깨비,도깨비,숭이깨비 종족,미치,중형,A,6.닌자 숭이깨비,조형물
,KD7,K,L1100836,고주망태 숭이깨비,도깨비,숭이깨비 종족,미치,중형,B,7. 얼굴만 있는 하얀 숭이 깨비,조형물
,KD8,K,L1100838,복면 숭이깨비,도깨비,숭이깨비 종족,미치,중형,B,8. 복면쓴 얼굴 숭이 깨비,조형물
,KD9,K,L1100841,동구미,도깨비,,미치,중형,C,9. 노란 동그라미 깨비,조형물
,KD10,K,L1100844,끄라띠와 꼬라삐,도깨비,털복숭이 종족,미치,"중형, 소형",B,10. 하트를 품은 모녀 털복숭이,조형물
,KD11,K,L1100847,키루,영혼,,미치,중형,B,11.파란 넥타이를 맨 하얀 신사 유령,조형물
,KD12,K,L1100850,시루,영혼,,미치,중형,B,12.빨간 주근깨 유령,조형물
,KD13,K,L1100851,지루,영혼,,미치,중형,C,13. 노란 박쥐 유령,조형물
,KD14,K,L1100854,"도리, 스리, 션",도깨비,털복숭이 종족,미치,"중형, 중형, 소형",B,14. 털복숭이 세가족,조형물
,KD15,K,L1100856,울빠미,도깨비,털복숭이 종족,미치,중형,A,15.깜짝놀란 눈의 노란 털복숭이,조형물
,KD16,K,L1100858,크라요숭이,도깨비,숭이깨비 종족,미치,중형,A,16.빨간 얼굴 노란 몸통 숭이 깨비,조형물
,KD17,K,L1100860,오라이드숭이,도깨비,숭이깨비 종족,미치,중형,C,17.작은 빨간 얼굴 숭이 깨비,조형물
,KD18,K,L1100862,빌리,도깨비,,미치,소형,D,18.의자인척 하는 뾰족 고슴도치,조형물/의자
,KD19,K,L1100864,복숭이깨비,도깨비,숭이깨비 종족,미치,소형,D,19.탈춤추는 작은 숭이깨비,조형물
,KD20,K,L1100866,펭퀸,도깨비,털복숭이 종족,미치,대형,S,20.윙크하는 길쭉한 털복숭이,조형물
,KD21,K,L1100868,스타더스트,도깨비,털복숭이 종족,미치,소형,A,21. 파란얼굴 털복숭이,조형물
,KD22,K,L1100871,혹부리 숭이깨비,도깨비,숭이깨비 종족,미치,소형,C,22.땅에 주저앉은 파란얼굴 숭이 깨비,조형물
,KD23,K,L1100873,스피리스트와 스피,도깨비,털복숭이 종족,미치,"대형, 소형",S,"23. 의자가 되는 긴 아빠랑 아이 털복숭이 (정면, 줌인 반측)",조형물/의자
,KD24,K,L1100879,"소비, 더비, 러비",도깨비,털복숭이 종족,미치,"소형, 중형, 소형",D,24. 일어서있는 털복숭이 세가족,조형물
,KD25,K,L1100882,"카이악, 마이악, 치수, 피수",도깨비,털복숭이 종족,미치,"중형, 대형, 소형, 소형",B,25. 일어서있는 털복숭이 네가족,조형물
,KD26,K,L1100886,치아와 팍씨,도깨비,숭이깨비 종족,미치,"소형, 소형",D,26. 햇님을 포함한 새로운 형태의 숭이깨비 세가족 ,조형물
,KD27,K,L1100889,"쏘오, 모리, 매오",도깨비,털복숭이 종족,미치,"소형, 중형, 소형",C,27.얼굴을 빼꼼 내밀은 길쭉한 털복숭이 세가족,조형물
,KD28,K,L1100891,딱끼오와 꼬이락,도깨비,털복숭이 종족,미치,"중형, 중형",A,28. 얼굴이 파란 형제 털복숭이,조형물
,KD29,K,L1100893,크쉬트와 타이쿵,도깨비,털복숭이 종족,미치,"중형, 중형",A,"29.같은 의자를 공유한 털복숭이 커플 (전면,후면)",조형물/의자
,KD30,K,L1100898,오잉구,도깨비,털복숭이 종족,미치,중형,E,30. 털복숭이 종족의 마른 말,조형물
,KD31,K,L1100900,털복정숭,도깨비,털복숭이 종족,미치,중형,D,31. 꼬부랑 정승,조형물
,KD32,K,L1100901,도드리,도깨비,털복숭이 종족,미치,소형,E,32. 초록 얼굴의 털복숭이 아기,조형물
,KD33,K,L1100904,분홍가위깨비,도깨비,가위 종족,미치,대형,A,33. 분홍 가위깨비 ,조형물
,KD34,K,L1100906,옥가위깨비,도깨비,가위 종족,미치,대형,A,34. 전구 노랑 가위깨비,조형물
,KD35,K,L1100908,파란가위깨비,도깨비,가위 종족,미치,대형,A,35. 파랑 가위깨비,조형물
,KD36,K,L1100909,살가위깨비,도깨비,가위 종족,미치,대형,A,36. 붉은 가위깨비,조형물
,KD37,K,L1100911,초록가위깨비,도깨비,가위 종족,미치,대형, A,37. 초록 가위깨비,조형물
,KD38,K,L1100914,주황 동나귀,동물,,미치,소형,E,38.배가둥근주황말,조형물
,KD39,K,L1100916,형광 동나귀,동물,,미치,소형,E,39.배가둥근노란말,조형물
,KD40,K,L1100918,노랑 동나귀,동물,,미치,소형,E,40.서있는 배가둥근 노란말,조형물
,KD41,K,L1100919,분홍 동나귀,동물,,미치,소형,E,41.서있는 배가둥근 분홍말,조형물
,KD42,K,L1100923,초록 동나귀,동물,,미치,소형,E,42.누워있는 배가둥근 말,조형물
,LD1,L,L1100924,일장군,돌,오백장군,제아쿨,중형,S,"1.말이 넘어진 오백장군(전면,측면)",조형물
,LD2,L,L1100928,사십육장군,돌,오백장군,제아쿨,중형,S,"2.앞발을 든 말을 탄 오백장군(전면,측면)",조형물
,LD3,L,L1100930,사십오장군,돌,오백장군,제아쿨,중형,S,3.말을 탄 오백장군,조형물
,LD4,L,L1100936,나왔어 (삼십육장군),돌,오백장군,제아쿨,중형,S,"4.말을타고 내달리는 오백장군(전면,측면)",조형물
,LD5,L,L1100940,겨털용사(이십팔장군),돌,오백장군,제아쿨,중형,S,"5.칼을 든 오백장군 (전면,측면)",조형물
,LD6,L,L1100944,칠십칠장군,돌,오백장군,제아쿨,중형,S,6.서있는 오백장군,조형물
,LD7,L,L1100946,사백구십이장군,돌,오백장군,제아쿨,중형,S,7.산 무더기,조형물
,LD8,L,L1100948,,돌,오백장군,제아쿨,중형,S,8.말을 탄 오백장군,조형물
,LD9,L,L1100951,삼백팔십팔장군,돌,오백장군,제아쿨,중형,S,9.산무더기,조형물
,LD10,L,L1100954,삼백삼장군,돌,오백장군,제아쿨,중형,S,10.부러진 창을 들고 서있는 오백장군,조형물
,LD11,L,L1100956,이백이십이장군,돌,오백장군,제아쿨,중형,S,11.말을 탄 오백장군,조형물
,LD12,L,L1100958,,돌,오백장군,,,A,12.몽둥이를 들고 서있는 오백장군,조형물
,LD13,L,L1100960,백오십구장군,돌,오백장군,제아쿨,중형,S,13.말 머리가 반대로 있는 오백장군,조형물
,LD14,L,L1100962,,돌,오백장군,,,A,14. 서있는 오백장군 ,조형물
,LD15,L,L1100964,,돌,오백장군,,,A,15. 서있는 오백장군 ,조형물
,LD16,L,L1100966,,돌,오백장군,,,A,16. 서있는 오백장군 ,조형물
,LD17,L,L1100968,,돌,오백장군,,,A,17. 서있는 오백장군 ,조형물
,LD18,L,L1100971,,돌,오백장군,,,A,18. 서있는 오백장군 ,조형물
,LD19,L,L1100973,,돌,오백장군,,,A,19. 말을 탄 오백장군,조형물
,LD20,L,L1100976,삼신건반,탑,오백장군,제아쿨,중형,S,20. 디자인 기호 탑,조형물/탑
,LD21,L,L1100978,천지인의 심마니 좁교,도깨비,,제아쿨과 천지인의 경계,소형,A,21.쌍혹 개집,조형물
,LD22,L,L1100981,국꼬꼬,영혼,그림자 셰르파 부족,,,B,22.도깨비연못 팻말,표지판
,LD23,L,L1100982,햑챠챠,영혼,그림자 셰르파 부족,,,B,23.이름없는 팻말,표지판
,MD1,M,L1100988,깨숑,도깨비,,해인경 - 깨숑 파루자 타운,초대형,SS,"1.깨숑(전면,후면)",조형물/건물/H4 w3.5 d2
,MD2,M,L1100993,노란별츠카,돌,아티팩트,해인경 - 깨숑 파루자 타운,소형,E,2.별,조형물
,MD3,M,L1100995,회돌이,돌,두번째 자식,해인경 - 깨숑 파루자 타운,소형,B,3.흰병정,조형물
,MD4,M,L1100997,뱅돌이,돌,두번째 자식,해인경 - 깨숑 파루자 타운,소형,C,4.무표정 노란 병정,조형물
,MD5,M,L1110001,키돌이,돌,두번째 자식,해인경 - 깨숑 파루자 타운,소형,B,5.스마일 노란 병정,조형물
,MD6,M,L1110002,치돌이,돌,두번째 자식,해인경 - 깨숑 파루자 타운,소형,B,6.인상쓰는 노란 병정,조형물
,MD7,M,L1110004,파딛돌,돌,두번째 자식 (두번째 자식과 버미의 교배종),해인경 - 깨숑 파루자 타운,소형,D,7.하얀 돼지 개구리,조형물
,MD8,M,L1110006,코딛돌,돌,두번째 자식 (두번째 자식과 버미의 교배종),해인경 - 깨숑 파루자 타운,소형,D,8.초록 돼지 개구리,조형물
,MD9,M,L1110010,라돌돌,돌,두번째 자식 (동물),해인경 - 깨숑 파루자 타운,소형,C,9.등이 부서진 돼지,조형물
,MD10,M,L1110011,시루아돌,돌,두번째 자식 (2세대),해인경 - 깨숑 파루자 타운,소형,A,10.뽀뽀하는 핑크 동그라미,조형물
,MD11,M,L1110013,포리아편,돌,두번째 자식 (동물),해인경 - 깨숑 파루자 타운,소형,A,11.뽀뽀하는 파란 동그라미,조형물
,MD12,M,L1110016,채돌돌,정령,,해인경 - 깨숑 파루자 타운,소형,A,12.머리에 풀이 자란 너구리,조형물
,MD13,M,L1110017,우리오르,도깨비,,해인경 - 깨숑 파루자 타운,소형,B,13.풀을 품고있는 하얀 동자승,조형물
,MD14,M,L1110019,"다르돌이, 마르돌이",돌,두번째 자식 (2세대),해인경 - 깨숑 파루자 타운,"소형, 소형",B,14.옥색 동자승 듀오,조형물
,MD15,M,L1110023,어미버미,돌,버미,해인경 - 깨숑 파루자 타운,소형,C,15.머리에풀이 자란 눈튀어나온 핑크 동그라미,조형물
,MD16,M,L1110025,도딛돌,돌,두번째 자식 (두번째 자식과 버미의 교배종),해인경 - 깨숑 파루자 타운,소형,D,16.키가작은 옥색 동그라미,조형물
,MD17,M,L1110027,삿룽,돌,두번째 자식 (2세대),해인경 - 깨숑 파루자 타운,소형,B,17.나무를 품고있는 하얀 동그라미,조형물
,MD18,M,L1110028,"아고, 고새",도깨비,"변종, 두번째 자식 (2세대)",해인경 - 깨숑 파루자 타운,"소형, 소형",E,18.악어와악어새같은놈,조형물
,MD19,M,L1110030,해마르,동물,,해인경 - 깨숑 파루자 타운,소형,E,19.하얀 해마,조형물
,MD20,M,L1110033,꼬까리,도깨비,,해인경 - 깨숑 파루자 타운,소형,E,20.삼각뿔깨비,조형물
,MD21,M,L1110035,범버미,돌,버미,해인경 - 깨숑 파루자 타운,소형,E,21.샌드위치깨비,조형물
,MD22,M,L1110036,아리랑,도깨비,유랑비,해인경 - 깨숑 파루자 타운,소형,B,22.팔을 앞으로 벌린 망원경 깨비,조형물
,MD23,M,L1110039,청이랑,도깨비,유랑비,해인경 - 깨숑 파루자 타운,소형,B,23.망원경을 들고있는 망원경 깨비,조형물
,MD24,M,L1110041,대장장이 도버미,돌,버미,해인경 - 깨숑 파루자 타운,소형,E,24.옥색 샌드위치 깨비,조형물
,MD25,M,L1110043,자버미,돌,버미,해인경 - 깨숑 파루자 타운,소형,E,25.샌드위치가 되다 만 깨비,조형물
,MD26,M,L1110046,대장장이 오버미,돌,버미,해인경 - 깨숑 파루자 타운,중형,E,26.노란 샌드위치 깨비,조형물
,MD27,M,L1110047,라오버미,돌,버미,해인경 - 깨숑 파루자 타운,소형,E,27.낮은 노란 샌드위치 깨비,조형물
,MD28,M,L1110049,지린버미,돌,버미,해인경 - 깨숑 파루자 타운,소형,E,28.노란손  옥색 샌드위치 깨비,조형물
,MD29,M,L1110052,윌이랑,도깨비,유랑비,해인경 - 깨숑 파루자 타운,소형,B,29.여자 망원경 깨비,조형물
,MD30,M,L1110054,엘리랑,도깨비,유랑비,해인경 - 깨숑 파루자 타운,소형,B,30.옥색남자 망원경 깨비,조형물
,MD31,M,L1110056,마아르미,동물,아르미,해인경 - 깨숑 파루자 타운,소형,B,31.노란 사자탈 깨비,조형물
,MD32,M,L1110062,봉아르미,동물,아르미,해인경 - 깨숑 파루자 타운,소형,C,32.분홍털 사자탈 깨비,조형물
,MD33,M,L1110063,스팅아르미,동물,아르미,해인경 - 깨숑 파루자 타운,소형,C,33.뿔이 별인 사자탈 깨비,조형물
,MD34,M,L1110066,백아르미,동물,아르미,해인경 - 깨숑 파루자 타운,소형,C,34.꽃핀 사자탈 깨비,조형물
,MD35,M,L1110067,모아프아르미가족,동물,아르미,해인경 - 깨숑 파루자 타운,소형,C,35.사자탈 깨비 다섯가족,조형물
,MD36,M,L1110072,조셰프아르미,동물,아르미,해인경 - 깨숑 파루자 타운,소형,C,36.사자탈 악어 깨비,조형물
,MD37,M,L1110074,작은신선 테차르미,동물,아르미,해인경 - 깨숑 파루자 타운,소형,B,37.작은신선,조형물
,MD38,M,L1110075,트윈아르미 하르미,동물,아르미,해인경 - 깨숑 파루자 타운,소형,B,38.미니 사자탈 깨비,조형물
,MD39,M,L1110077,트윈아르미 두르미,동물,아르미,해인경 - 깨숑 파루자 타운,소형,B,39.분홍미니 사자탈 깨비,조형물
,MD40,M,L1110079,루미아르미,동물,아르미,해인경 - 깨숑 파루자 타운,소형,A,40.악성곱슬 사자탈 깨비,조형물
,MD41,M,L1110081,스피오아르미,동물,아르미,해인경 - 깨숑 파루자 타운,소형,B,41.돼지코 사자탈 깨비,조형물
,MD42,M,L1110083,강돌이,돌,두번째 자식,해인경 - 깨숑 파루자 타운,소형,C,42.인상쓴 하얀 병정,조형물
,MD43,M,L1110086,방돌이,돌,두번째 자식,해인경 - 깨숑 파루자 타운,소형,C,43.호기심 많은 노란 병정,조형물
,MD44,M,L1110088,레돌이,돌,두번째 자식,해인경 - 깨숑 파루자 타운,소형,B,44.딸기색 병정,조형물
,MD45,M,L1110089,노란별카르,도깨비,,해인경 - 깨숑 파루자 타운,소형,D,45.인상쓴 별,조형물
,MD46,M,L1110092,로돌이,돌,두번째 자식,해인경 - 깨숑 파루자 타운,소형,B,46.인상쓴 풀로 뒤덮힌 노란 병정,조형물
,MD47,M,L1110093,위돌이,돌,두번째 자식,해인경 - 깨숑 파루자 타운,소형,B,47.인상쓴 하얀 병정,조형물
,MD48,M,L1110095,태돌이,돌,두번째 자식,해인경 - 깨숑 파루자 타운,소형,B,48.지루한 하얀 병정,조형물
,MD49,M,L1110098,캐돌이,돌,두번째 자식,해인경 - 깨숑 파루자 타운,소형,C,49.지루한 하얀 병정 졸개,조형물
,MD50,M,L1110100,배또리,돌,,해인경 - 깨숑 파루자 타운,소형,E,50.노란 벽돌깨비,조형물
,MD51,M,L1110102,매또리,돌,,해인경 - 깨숑 파루자 타운,소형,E,51.하얀 벽돌 깨비,조형물
,MD52,M,L1110104,해돌이,돌,두번째 자식,해인경 - 깨숑 파루자 타운,소형,B,52.윙크하는 병정,조형물
,MD53,M,L1110106,푸돌이,돌,두번째 자식,해인경 - 깨숑 파루자 타운,소형,B,53.눈옆에 흉터가 있는 분홍 병정,조형물
,MD54,M,L1110108,오돌이,돌,두번째 자식,해인경 - 깨숑 파루자 타운,소형,C,54.졸고있는 오렌지 병정,조형물
,ND1,N,P1440076,뽀숑,도깨비,,해인경 - 뽀숑 룰루 타운,초대형,SS,1.뽀숑,조형물/건물/H3.9 d2 w3 
,ND2,N,L1400613,피구낭,도깨비,,해인경 - 뽀숑 룰루 타운,초대형,E,2.노란 꽃게 깨비,조형물
,ND3,N,L1400618,츠카스테,돌,아티팩트,해인경 - 뽀숑 룰루 타운,초대형,E,3.노란 별깨비,조형물
,ND4,N,L1400621,사릿다르,도깨비,,해인경 - 뽀숑 룰루 타운,소형,E,4.심슨깨비 ,조형물
,ND5,N,L1400624,청소부 자주파,도깨비,,해인경 - 뽀숑 룰루 타운,소형,E,5.별턱깨비,조형물
,ND6,N,L1400628,아올,도깨비,,해인경 - 뽀숑 룰루 타운,소형, E,6.뾰족머리깨비,조형물
,ND7,N,L1400632,라므,도깨비,,해인경 - 뽀숑 룰루 타운,소형,E,7.네모 얼굴 깨비,조형물
,ND8,N,L1400633,행크,도깨비,,해인경 - 뽀숑 룰루 타운,소형,D,8.턱수염 상남자깨비,조형물
,ND9,N,L1400638,닝가요,도깨비,혼종 - 도깨비 + 만물,해인경 - 뽀숑 룰루 타운,소형,C,9.얼굴이 눈인 막대깨비,조형물
,ND10,N,L1400642,펠러,도깨비,혼종 - 도깨비 + 만물,해인경 - 뽀숑 룰루 타운,소형,C,10.프로펠러 깨비,조형물
,ND11,N,L1400644,느룽,도깨비,,해인경 - 뽀숑 룰루 타운,소형,D,11.코가 큰 아기 신선,조형물
,ND12,N,L1400647,모시모시,도깨비,,해인경 - 뽀숑 룰루 타운,소형,E,12. 못깨비,조형물
,ND13,N,L1400652,라라비로비로,도깨비,,해인경 - 뽀숑 룰루 타운,소형,E,13.조그마한 형제,조형물
,ND14,N,L1400654,투라옹,도깨비,,해인경 - 뽀숑 룰루 타운,소형,E,14.고개가 꺾어진 에일리언 깨비,조형물
,ND15,N,L1400657,고니,도깨비,,해인경 - 뽀숑 룰루 타운,소형,E,15.단가라 티를 입은 악어깨비,조형물
,ND16,N,L1400659,킁,만물,,해인경 - 뽀숑 룰루 타운,소형,E,16.왕뿔 왕눈 깨비,조형물
,ND17,N,L1400663,링티엔팔,도깨비,,해인경 - 뽀숑 룰루 타운,소형,E,17.아라리,조형물
,ND18,N,L1400665,"시스레, 가시레, 바스레, 너스레",도깨비,,해인경 - 뽀숑 룰루 타운,소형,E,18.폐품 사남매,조형물
,ND19,N,L1400670,넵슈스,도깨비,,해인경 - 뽀숑 룰루 타운,소형,E,19.파란 공룡깨비,조형물
,ND20,N,L1400675,"동동동, 게라",도깨비,,해인경 - 뽀숑 룰루 타운,"소형, 소형",E,20.별을 이마에 단 여동생을 둔 남매,조형물
,ND21,N,L1400679,AT,도깨비,,해인경 - 뽀숑 룰루 타운,소형,E,21.눈이 망원경인 파란 엉거주춤 깨비,조형물
,ND22,N,L1400682,깨비꽃,만물,,해인경 - 뽀숑 룰루 타운,소형,E,22.꽃깨비,조형물
,ND23,N,L1400683,속숑삭숑,도깨비,아티팩트,해인경 - 뽀숑 룰루 타운,소형,A,23.반반깨비,조형물
,ND24,N,L1400689,싸다만똥,도깨비,,해인경 - 뽀숑 룰루 타운,소형,D,24.털썩 누운 깨비,조형물
,ND25,N,L1400691,티비티비,도깨비,,해인경 - 뽀숑 룰루 타운,소형,E,25.삼각얼굴깨비,조형물
,ND26,N,L1400695,노봇,도깨비,,해인경 - 뽀숑 룰루 타운,소형,E,26.작은로봇깨비 ,조형물
,ND27,N,L1400697,왁왁,동물,,해인경 - 뽀숑 룰루 타운,소형,E,27.작은사자곤충깨비여자(분홍),조형물
,ND28,N,L1400701,톰파루,동물,,해인경 - 뽀숑 룰루 타운,소형,E,28.작은사자곤충깨비남자(노랑),조형물
,ND29,N,L1400704,다우르프,동물,,해인경 - 뽀숑 룰루 타운,소형,E,29.부엉깨비,조형물
,ND30,N,L1400708,웁앤옵,도깨비,,해인경 - 뽀숑 룰루 타운,소형,E,30.어깨에 핑크가 솟아난 파란깨비,조형물
,ND31,N,L1400710,넸넸,동물,,해인경 - 뽀숑 룰루 타운,소형,E,31.작은 핑크 박쥐깨비,조형물
,ND32,N,L1400714,놈팽팽,동물,,해인경 - 뽀숑 룰루 타운,소형,E,32.네모난 입의 노란깨비,조형물
,ND33,N,L1400716,주룹팽팽,동물,,해인경 - 뽀숑 룰루 타운,소형,E,33.눈이 옆에달린 초록깨비,조형물
,ND34,N,L1400727,크팽팽,동물,,해인경 - 뽀숑 룰루 타운,소형,E,34.입이뾰족한 달팽깨비,조형물
,ND35,N,L1400730,호리팽팽,동물,,해인경 - 뽀숑 룰루 타운,소형,E,35. 한손을 앞으로 뻗은 달팽깨비,조형물
,ND36,N,L1400732,탬버린 꽃,식물,,해인경 - 뽀숑 룰루 타운,소형,E,36.얼굴이 분홍인 템버린깨비,조형물
,ND37,N,L1400735,딕딕도,동물,,해인경 - 뽀숑 룰루 타운,소형,E,37.얼굴이 검은 작은악어깨비,조형물
,ND38,N,L1400738,육서방,동물,,해인경 - 뽀숑 룰루 타운,소형,E,38.콧수염이난 노란 수염맨깨비,조형물
,ND39,N,L1400741,샤코,동물,,해인경 - 뽀숑 룰루 타운,소형,E,39.얼굴이 파란 상어깨비,조형물
,ND40,N,L1400744,도리무,도깨비,,해인경 - 뽀숑 룰루 타운,소형,E,40.옥색몸 노란얼굴 깨비,조형물
,ND41,N,L1400747,호울,도깨비,,해인경 - 뽀숑 룰루 타운,소형,E,41.검은 안경쓴 깨비,조형물
,ND42,N,L1400748,까짜기,도깨비,,해인경 - 뽀숑 룰루 타운,소형,E,42.파란 세모 깨비,조형물
,ND43,N,L1400753,울라,도깨비,,해인경 - 뽀숑 룰루 타운,소형,E,43.팔벌림 울먹 깨비,조형물
,ND44,N,L1400757,우카스,동물,,해인경 - 뽀숑 룰루 타운,소형,E,44.작은 소 깨비,조형물
,ND45,N,L1400761,롭피,도깨비,,해인경 - 뽀숑 룰루 타운,소형,E,45.파란 짝눈 깨비,조형물
,ND46,N,L1400762,빨간별사카,돌,아티팩트,해인경 - 뽀숑 룰루 타운,소형,D,46.빨간 별 깨비,조형물
,ND47,N,L1400768,"히위고쿠, 뽁",도깨비,"도깨비, 동물",해인경 - 뽀숑 룰루 타운,소형,E,47.별에서 솟아난 얼굴두개 깨비,조형물
,ND48,N,L1400770,노란별이츠,도깨비,,해인경 - 뽀숑 룰루 타운,소형,D,48.노랑 별 깨비,조형물
,ND49,N,L1400773,호호 이모,도깨비,,해인경 - 뽀숑 룰루 타운,소형,E,49.하얀치마깨비,조형물
,ND50,N,L1400776,브로콜리 삼촌,도깨비,,해인경 - 뽀숑 룰루 타운,소형,E,50.울라숑추는 파란손깨비,조형물
,ND51,N,L1400778,팡,도깨비,,해인경 - 뽀숑 룰루 타운,소형,E,51.만세한 파란 깨비,조형물
,OD1,O,L1110111,징가숑타워,탑,,해인경,초대형,SS,"1.징가숑타워(전면, 후면)",조형물/건물/H8.4 w5.4 d3.4 
,OD2,O,L1110226,페파 눗,도깨비,반도깨비,해인경 - 상념과 망상의 방,중형,A,2.소원방여자깨비,조형물
,OD3,O,L1110225,도리 눗,도깨비,반도깨비,해인경 - 상념과 망상의 방,중형,A,3.소원방남자깨비,조형물
,OD4,O,L1400792,도깨비(문자),영혼,아티팩트,해인경,소형,B,4.도깨비 글씨 깨비,조형물
,OD5,O,L1110227,몬조,영혼,그림자 셰르파 부족,해인경,중형,B,5.이름없는 팻말,조형물
,OD6,O,L1110229,백야콘,도깨비,변종(만물),해인경,대형,S,6.큰유니콘깨비,조형물
,OD7,O,L1110232,야콘,도깨비,,해인경,소형,C,7.작은유니콘깨비,조형물
,OD8,O,L1400786,,도깨비,,해인경,소형,,8.나무사이에있는 조그만 깨비,조형물
,OD9,O,L1110233,꽃사자,동물,,해인경,초대형,A,9.꽃사자,조형물
,OD10,O,L1110237,토립,동물,,해인경,소형,D,10.아끼꽃사자(후면),조형물
,OD11,O,L1110239,이뽀,성,만물 / 도깨비,몽당,초대형,SS,11.갤러리,조형물/건물
,OD12,O,L1410234,,도깨비,,몽당,,B,12.초롱박 깨비,조형물
,OD13,O,L1410228,,도깨비,,몽당,,C,13.발이눈이돼서 얼굴두개 쓰레기통 깨비,조형물
,PD1,P,L1110116,깨뽀 (3면상),도깨비,,봉당,초대형,SS,1.깨뽀(3면),조형물/건물
,PD1,P,L1110147,깨뽀 (3면상),도깨비,,봉당,초대형,SS,1.깨뽀(3면),조형물/건물
,PD1,P,L1110198,깨뽀 (3면상),도깨비,,봉당,초대형,SS,1.깨뽀(3면),조형물/건물
,PD2,P,L1110118,,동물,,봉당,,A,2.문지기동물,조형물
,PD3,P,L1110119,,동물,,봉당,,A,3.문지기동물 우측,조형물
,PD4-1,P,L1110121,,알,,봉당,,E,4-1.빨간햇님,조형물
,PD4-2,P,L1110121,,알,,봉당,,E,4-2.파란햇님,조형물
,PD5-1,P,L1110125,,알,,봉당,,E,5-1.초록햇님,조형물
,PD5-2,P,L1110125,,알,,봉당,,E,5-2.빛바랜 핑크햇님,조형물
,PD6-1,P,L1110126,,알,,봉당,,E,6-1.하늘색햇님,조형물
,PD6-2,P,L1110126,,알,,봉당,,E,6-2.노란색햇님,조형물
,PD6-3,P,L1110126,,알,,봉당,,E,6-3.보라색햇님,조형물
,PD7-1,P,L1110129,,알,,봉당,,E,7-1.파란햇님,조형물
,PD7-2,P,L1110129,,알,,봉당,,E,7-2.빛바랜 하늘색햇님,조형물
,PD8-1,P,L1110131,,알,,봉당,,E,8-1.하얀색햇님,조형물
,PD8-2,P,L1110131,,알,,봉당,,E,8-2.보라색햇님,조형물
,PD8-3,P,L1110131,,알,,봉당,,E,8-3.연두색햇님,조형물
,PD9,P,L1110133,,동물,,봉당,,A,9.작은 흰색 하마소,조형물
,PD10,P,L1110135,,동물,,봉당,,A,10.풀에 둘러싸인 하마소,조형물
,PD11-1,P,L1110138,,알,,봉당,,E,11-1.주황햇님,조형물
,PD11-2,P,L1110138,,알,,봉당,,E,11-2.초록햇님,조형물
,PD12-1,P,L1110139,,알,,봉당,,E,12-1.파란햇님,조형물
,PD12-2,P,L1110139,,알,,봉당,,E,12-2.핑크햇님,조형물
,PD13-1,P,L1110142,,알,,봉당,,E,13-1.주황햇님,조형물
,PD13-2,P,L1110142,,알,,봉당,,E,13-2.하양햇님,조형물
,PD14,P,L1110144,,알,,봉당,,E,14.노란 햇님,조형물
,PD15-1,P,L1110149,,동물,,봉당,,B,15-1.초록하마,조형물
,PD15-2,P,L1110149,,알,,봉당,,D,15-2.주황미니햇님,조형물
,PD15-3,P,L1110149,,알,,봉당,,D,15-3.보라미니햇님,조형물
,PD16-1,P,L1110155,,알,,봉당,,E,16-1.핑크햇님,조형물
,PD16-2,P,L1110155,,알,,봉당,,E,16-2.주황햇님,조형물
,PD17-1,P,L1110159,,동물,,봉당,,A,17-1.주황하마,조형물
,PD17-2,P,L1110159,,알,,봉당,,E,17-2.파랑미니햇님,조형물
,PD17-3,P,L1110159,,알,,봉당,,E,17-3.노랑미니햇님,조형물
,PD18-1,P,L1110162,,알,,봉당,,E,18-1.파랑햇님,조형물
,PD18-2,P,L1110162,,알,,봉당,,E,18-2.빛바랜 연두햇님,조형물
,PD18-3,P,L1110162,,알,,봉당,,E,18-3.빛바랜 핑크햇님,조형물
,PD18-4,P,L1110162,,알,,봉당,,E,18-4.하양햇님,조형물
,PD18-5,P,L1110162,,알,,봉당,,E,18-5.빛바랜 하늘색햇님,조형물
,PD19-1,P,L1110164,,동물,,봉당,,A,19-1.하늘색하마,조형물
,PD19-2,P,L1110164,,동물,,봉당,,A,19-2.빨간하마,조형물
,PD19-3,P,L1110164,,동물,,봉당,,A,19-3.노란하마,조형물
,PD19-4,P,L1110164,,동물,,봉당,,A,19-4.하양하마,조형물
,PD19-5,P,L1110164,,알,,봉당,,E,19-5.빛바랜 빨간햇님,조형물
,PD19-6,P,L1110164,,알,,봉당,,E,19-6.빨간햇님,조형물
,PD20,P,L1110168,,동물,,봉당,,A,20. 등에 풀 파란 아기 하마,조형물
,PD21-1,P,L1110170,,동물,,봉당,,A,21-1.주황하마,조형물
,PD21-2,P,L1110170,,동물,,봉당,,A,21-2.연두하마,조형물
,PD22-1,P,L1110172,,동물,,봉당,,A,22-1.주황하마,조형물
,PD22-2,P,L1110172,,알,,봉당,,E,22-2.파란햇님,조형물
,PD22-3,P,L1110172,,알,,봉당,,E,22-3.노란햇님,조형물
,PD23-1,P,L1110174,,동물,,봉당,,A,23-1.파란하마,조형물
,PD23-2,P,L1110174,,동물,,봉당,,A,23-2.연두하마,조형물
,PD24-1,P,L1110176,,알,,봉당,,E,24-1.노란햇님,조형물
,PD24-2,P,L1110176,,알,,봉당,,E,24-2.하얀햇님,조형물
,PD25-1,P,L1110178,,알,,봉당,,E,25-1.빨간햇님,조형물
,PD25-2,P,L1110178,,알,,봉당,,E,25-2.노란햇님,조형물
,PD26,P,L1110180,,동물,,봉당,,A,26.왕하마 단독,조형물
,PD27,P,L1110184,,동물,,봉당,,A,27.빨간하마(전면측면),조형물
,PD28-1,P,L1110186,,동물,,봉당,,A,28-1.흰하마,조형물
,PD28-2,P,L1110186,,동물,,봉당,,A,28-2.흰하마,조형물
,PD29-1,P,L1110188,,동물,,봉당,,A,29-1.파란하마,조형물
,PD29-2,P,L1110188,,동물,,봉당,,A,29-2.노란하마,조형물
,PD30,P,L1110192,,동물,,봉당,,A,30.나무에 가려진 하마 한마리,조형물
,PD31-1,P,L1110194,,알,,봉당,,E,31-1.빛바랜 파랑햇님,조형물
,PD31-2,P,L1110194,,알,,봉당,,E,31-2.빛바랜 연두햇님,조형물
,PD31-3,P,L1110194,,알,,봉당,,E,31-3.노란햇님,조형물
,PD32-1,P,L1110196,,알,,봉당,,E,32-1.하양햇님,조형물
,PD32-2,P,L1110196,,알,,봉당,,E,32-2.빨간햇님,조형물
,PD32-3,P,L1110196,,알,,봉당,,E,32-3.빛바랜 초록햇님,조형물
,PD33,P,L1110201,,도깨비,,봉당,,C,33.도깨비엄마,조형물
,PD34,P,L1110203,,도깨비,,봉당,,C,34.도깨비아기,조형물
,PD35,P,L1110208,,도깨비,,봉당,,C,35.도깨비아빠,조형물
,PD36,P,L1110210,,도깨비,,봉당,,B,36.트라이앵글 도깨비,조형물
,QD1,Q,L1110215,운도,도깨비,,퐁당,초대형,S,1.매점깨비,조형물/건물
,QD2,Q,L1410223,표사자,도깨비,,퐁당,초대형,SS,2.표사자,조형물/건물
,RD1,R,L1400807,해치,동물,영물,천지인 - 정령의 숲 초입,대형,A,1.파란털 사자 (좌),조형물
,RD2,R,L1400811,해초,동물,영물,천지인 - 정령의 숲 초입,대형,A,2.파란털 사자 (우),조형물
,RD3,R,L1400814,뇌투뇌,정령,돌,천지인 - 정령의 숲 초입,소형,C,3.작은얼굴돌,조형물
,RD4,R,L1400816,맨투맨,정령,돌,천지인 - 정령의 숲 초입,소형,C,4.풀자란작은얼굴돌,조형물
,RD5,R,L1400820,너투너,정령,돌,천지인 - 정령의 숲 초입,소형,C,5.풀자란작은얼굴돌 투,조형물
,RD6,R,L1400822,죽었어야 할 운명 싸랄두톨,정령,정승,천지인 - 정령의 숲 초입,중형,C,6.이빨을 드러낸 하얀 뭉치 정승,조형물
,RD7,R,L1400824,죽었어야할 운명 팔분의일,정령,정승,천지인 - 정령의 숲 초입,중형,C,7.노란 눈 뭉치 정승,조형물
,RD8,R,L1400827,죽었어야 할 운명 함잣,정령,정승,천지인 - 정령의 숲 초입,중형,C,8.옥색 뭉치 정승,조형물
,RD9,R,L1400831,죽었어야 할 운명 자작,정령,정승,천지인 - 정령의 숲 초입,중형,C,9.흰색에 주황 머리 뭉치 정승,조형물
,RD10,R,L1400834,죽었어야 할 운명 암염,정령,정승,천지인 - 정령의 숲 초입,중형,C,10.이빨이 날카로운 뭉치정승,조형물
,RD11,R,L1400836,죽었어야 할 운명 타르 ,정령,정승,천지인 - 정령의 숲 초입,중형,C,11.빨간 뭉치정승,조형물
,RD12,R,L1400839,너도냐,정령,가짜 조형물,천지인 - 정령의 숲 초입,중형,E,12.네모 돌얼굴 원,조형물
,RD13,R,L1400840,나는좀,정령,가짜 조형물,천지인 - 정령의 숲 초입,중형,E,13.네모 돌얼굴 투,조형물
,RD14,R,L1400843,나돈데,정령,가짜 조형물,천지인 - 정령의 숲 초입,중형,E,14.네모 돌얼굴 스리,조형물
,RD15,R,L1400847,천지인,탑,선대의 탑,천지인 - 정령의 숲 초입,대형,SS,15.천지인 무대기,조형물
,RD16,R,L1400851,"해일랑 - 천지인 지키미, 일명 죽음에서 돌아온 자",도깨비,유랑비,천지인 - 정령의 숲 초입,중형,B,16.느영나영 되다만 돌대가리,조형물
,RD17,R,L1400915,옥석탑,탑,후대의 탑,천지인 - 정령의 숲 초입,중형,B,17.중간이 이어진 동그라미,조형물
,RD18,R,L1400917,원석탑,탑,후대의 탑,천지인 - 정령의 숲 초입,중형,B,18.노랑 동글동그라미,조형물
,RD19,R,L1400920,석목탑,탑,후대의 탑,천지인 - 정령의 숲 초입,중형,A,19. 나무 자란 동글 동그라미,조형물
,RD20,R,L1400923,소왓,정령,가짜 조형물,천지인 - 정령의 숲 초입,소형,E,20.눈이 잇는 샌드위치 동그라미,조형물
,RD21,R,L1400926,겅한댄하멍 남매,정령,돌,천지인 - 정령의 숲 초입,중형,C,21.하르방 두개와 꼬맹이,조형물
,RD22,R,L1400928,겅하잰햄신디 형제,정령,가짜 조형물,천지인 - 정령의 숲 초입,중형,E,22.하루방 셋,조형물
,RD23,R,L1400997,삼신 참나무,정령,아티팩트,천지인 - 정령의 숲 초입,대형,S,23.노란 나무,나무
,RD24,R,L1401000,게네,동물,영물,천지인 - 정령의 숲 초입,소형,A,24.바닥에 누운 꽃게깨비,조형물
,RD25,R,L1410003,몽구름,정령,돌,천지인 - 정령의 숲 초입,중형,A,25.파란 구름,조형물
,RD26,R,L1410005,못이룬 손톱,정령,돌,천지인 - 정령의 숲 초입,중형,A,26.옥색 구름,조형물
,RD27,R,L1410008,계약된 결속자,정령,돌,천지인 - 정령의 숲 초입,중형,A,27.쪼개진 빨간눈 노란 구름,조형물
,RD28,R,L1410011,억눌린 오름,정령,돌,천지인 - 정령의 숲 초입,중형,A,28.파란 산,조형물
,RD29,R,L1410013,삼신 오름,정령,돌,천지인 - 정령의 숲 초입,대형,S,29.노란 산,조형물
,RD30,R,L1410016,길주,영혼,돌,퐁당,소형,E,30.울타리 시작 얼굴혹달린 깨비,조형물
,RD31,R,L1410019,금리,영혼,,퐁당,소형,E,31.이빨혹 뾰족 깨비,조형물
,RD32,R,L1410022,혁장,영혼,,퐁당,소형,E,32.옆모습깨비,조형물
,RD33,R,L1410024,미지,영혼,,퐁당,소형,E,33.뾰족 복면 깨비,조형물
,RD34,R,L1410028,자명,영혼,,퐁당,중형,D,34.복면 길쭉 깨비,조형물
,RD35,R,L1410030,봉수,영혼,,퐁당,소형,E,35.뾰족 뿔 깨비,조형물
,RD36,R,L1410033,서불,영혼,돌,퐁당,소형,E,36.성게 깨비,조형물
,RD37,R,L1410037,소미,도깨비,,퐁당,중형,B,37.쩍벌 깨비,조형물
,RD38,R,L1410039,자림,영혼,,퐁당,소형,E,38.거꾸로디귿깨비(여기서부터 후면),조형물
,RD39,R,L1410040,중진,영혼,,퐁당,소형,E,39.박쥐 깨비,조형물
,RD40,R,L1410043,마리노신,영혼,,퐁당,중형,D,40.얼굴 네개 깨비,조형물
,RD41,R,L1410046,라구,영혼,,퐁당,소형,E,41.뾰족머리카락,조형물
,RD42,R,L1410049,다제,영혼,,퐁당,소형,D,42.눈주변 주황깨비,조형물
,RD43,R,L1410050,라자,영혼,돌,퐁당,소형,E,43.돌에 퐁낭 이끼 깨비,조형물
,RD44,R,L1410054,진묘,영혼,,퐁당,소형,E,44.노란 복면 깨비,조형물
,RD45,R,L1410058,빈라,영혼,,퐁당,소형,E,45.얼굴 두개 깨비,조형물
,RD46,R,L1410059,실무,영혼,,퐁당,소형,E,46.뾰족뾰족 깨비,조형물
,RD47,R,L1410061,오루,영혼,,퐁당,소형,E,47.역기역깨비,조형물
,RD48,R,L1410067,소진홍,도깨비,,퐁당,중형,A,48.새끼가 있는 콧구멍큰 깨비,조형물
,RD49,R,L1410070,송무,도깨비,,퐁당,소형,A,49.오토바이탄것같은 듀오 깨비,조형물
,RD50,R,L1410072,남겨진 쎄시봉 버섯 쌍둥이,식물,,퐁당,중형,A,50. 초록 악어깨비,조형물
,RD51,R,L1410075,희두,영혼,,퐁당,소형,E,51. 외눈 깨비,조형물
,RD52,R,L1410076,다루,영혼,,퐁당,소형,E,52. 네모 깨비,조형물
,RD53,R,L1410079,동민,영혼,,퐁당,소형,E,53. 빈대떡 깨비,조형물
,RD54,R,L1410080,주시,도깨비,,퐁당,중형,A,54. 어깨에 얼굴 불깨비,조형물
,RD55,R,L1410084,호화,영혼,,퐁당,소형,D,55. 둥근 납짝 깨비,조형물
,RD56,R,L1410087,송우,영혼,,퐁당,소형,E,56. 빨간 고양 깨비,조형물
,RD57,R,L1410089,지석,영혼,,퐁당,소형,E,57. 파란 테두리 가위 깨비,조형물
,RD58,R,L1410093,솔애,영혼,,퐁당,소형,D,58.빨강 초록 네모입 깨비,조형물
,RD59,R,L1410094,강소,도깨비,,퐁당,소형,A,59.파랑초록 반반 색 깨비,조형물
,RD60,R,L1410096 L1410098,주살,영혼,,퐁당,중형,E,"60.부서진 깨비,부서져서 상반신만 남은 깨비",조형물
,RD61,R,L1410101,형구,도깨비,,퐁당,중형,B,61.호랑무늬깨비,조형물
,RD62,R,L1410103,방신,도깨비,,퐁당,소형,A,62.초록 뾰족 깨비,조형물
,RD63,R,L1410106,파미도,도깨비,,퐁당,소형,A,63.파랑 인디언 깨비,조형물
,RD64,R,L1410108,민근,도깨비,,퐁당,소형,C,64.데이빗보위 깨비,조형물
,RD65,R,L1410110,진도,도깨비,,퐁당,소형,A,65.빨간 스피드 깨비,조형물
,RD66,R,L1410116,이슬,도깨비,,퐁당,소형,B,66.파란 기울어진 깨비,조형물
,RD67,R,L1410118,서진,도깨비,,퐁당,소형,B,67.초록 잎이 자란 깨비,조형물
,RD68,R,L1410121,정실,도깨비,,퐁당,소형,A,68.입구 노란 주근깨 깨비,조형물
,RD69,R,L1410123,막수,도깨비,,퐁당,소형,B,69.입구 파란색 노란 작은손 깨비,조형물
,RD70,R,L1410126,경진,도깨비,,퐁당,소형,C,70.기울어진 핑크 깨비,조형물
,RD71,R,L1410128,시몬,돌,,퐁당,중형,D,71.시멘트 깨비,조형물
,RD72,R,L1410131,동수,영혼,,퐁당,소형,E,72.이빨이 보이는 초록팔을 숨긴 깨비,조형물
,RD73,R,L1410133,지음,영혼,,퐁당,소형,E,73.머리카락이 연두색인 깨비,조형물
,RD74,R,L1410135,막수,영혼,돌,퐁당,중형,D,74.자그만 얼굴 두개 긴팔 깨비,조형물
,RD75,R,L1410140,완달,도깨비,,퐁당,중형,A,75.호랑무늬 초록무늬 깨비,조형물
,RD76,R,L1410143,"소영, 영수",영혼,돌,퐁당,"소형, 소형",E,76.나무에 매달린 여동생과 숨어있는 남매깨비,조형물
,RD77,R,L1410150,찬수,도깨비,,퐁당,중형,B,77.노란머리 번개 깨비,조형물
,RD78,R,L1410148,아중,영혼,돌,퐁당,중형,D,78.둥근 태양 깨비,조형물
,RD79,R,L1410158,석진,영혼,,퐁당,소형,E,79.기울어져서 얇은팔로 땅에 짚은 깨비,조형물
,RD80,R,L1410162,종달,도깨비,,퐁당,초소형,A,80.초승달을 든 깨비,조형물
,RD81,R,L1410163,자림,영혼,돌,퐁당,소형,C,81.테두리가 하늘색인 입벌린 깨비,조형물
,RD82,R,L1410167, 석동지,영혼,돌,퐁당,소형,E,82.얼굴 두개 흰 깨비,조형물
,RD83,R,L1410170,슬기,영혼,,퐁당,소형,E,83.눈에 나무가 튀어나온 깨비,조형물
,RD84,R,L1410173,아진,영혼,,퐁당,소형,E,84.조르디 처럼 생긴 큰 깨비,조형물
,RD85,R,L1410175,명아,영혼,돌,퐁당,소형,E,85.날개 달린 새 깨비,조형물
,RD86,R,L1410177,진풍,영혼,돌,퐁당,소형,E,86.대각선 기생하는 깨비,조형물
,RD87,R,L1410181,류진,영혼,돌,퐁당,소형,E,87.시옷시옷 깨비,조형물
,RD88,R,L1410184,변웅,영혼,돌,퐁당,소형,E,88.뾰족머리 깨비,조형물
,RD89,R,L1410186,추동,영혼,,퐁당,소형,E,89.조그마한 깨비,조형물
,RD90,R,L1410189,안빈,영혼,,퐁당,소형,E,90.옆모습 깨비,조형물
,RD91,R,L1410192,임슬,영혼,돌,퐁당,중형,E,91.돌뒤에 꼬리가 있는 깨비,조형물
,RD92,R,L1410197,수림,영혼,,퐁당,중형,B,92.나무에 숨은 깨비,조형물
,RD93,R,L1410201,"진호, 호진",영혼,,퐁당,"소형, 소형",E,93.불만이 많은 친구 깨비 듀오,조형물
,RD94,R,L1410206,선식,영혼,돌,퐁당,중형,D,94. 꼬리가 앞에있는 깨비,조형물
,RD95,R,L1410208,갑환,영혼,돌,퐁당,소형,E,95.퍼진별깨비,조형물
,RD96,R,L1410210,호석,영혼,돌,퐁당,소형,E,96.아래 숨은 시멘트 깨비,조형물
,RD97,R,L1410213,창호,영혼,돌,퐁당,소형,E,97.알통자랑 깨비,조형물
,RD98,R,L1410217,김청,영혼,돌,퐁당,소형,E,98.반이 날아간 깨비,조형물
,RD99,R,L1410221,성신,영혼,돌,퐁당,중형,B,99. 익룡 얼굴같은 깨비,조형물
,SD1,S,L1400856,곤파 방카르,도깨비,변종,천지인 - 정령의 숲,소형,S,1.하늘을 보는 미니깨비,조형물
,SD2,S,L1400860,,정령,돌,천지인 - 정령의 숲,초소형,S,2.세마리 하마,조형물
,SD3,S,L1400864,,정령,돌,천지인 - 정령의 숲,,A,3.돌위에 돌하르방 둘,조형물
,SD4,S,L1400868,,정령,돌,천지인 - 정령의 숲,,B,4.돌위에 돌하르방 넷,조형물
,SD5,S,L1400871,,정령,돌,천지인 - 정령의 숲,,B,5.춤추는 미니 느영나영,조형물
,SD6,S,L1400875,,정령,돌,천지인 - 정령의 숲,,B,6.원킥 하는 미니 느영나영,조형물
,SD7,S,L1400877,,정령,돌,천지인 - 정령의 숲,,B,7.돌위에 올라가 만세하는 미니 느영나영,조형물
,SD8,S,L1400879,,정령,돌,천지인 - 정령의 숲,,B,8.땅에 파묻힌 미니 느영나영,조형물
,SD9,S,L1400884,,정령,돌,천지인 - 정령의 숲,,B,9.돌 위에 머리를 처박고있는 돌하르방,조형물
,SD10,S,L1400886,,정령,돌,천지인 - 정령의 숲,,B,10.돌 위에 미니 산 두개,조형물
,SD11,S,L1400889,,정령,돌,천지인 - 정령의 숲,,B,11.돌위에서 큰돌과 제사,조형물
,SD12,S,L1400892,,정령,돌,천지인 - 정령의 숲,,B,12.돌 위에 돌하르방 만세,조형물
,SD13,S,L1400895,,정령,돌,천지인 - 정령의 숲,,B,13. 앉아있는 돌하르방,조형물
,SD14,S,L1400897,,정령,돌,천지인 - 정령의 숲,,B,14.이끼 낀 미니 산 무리,조형물
,SD15,S,L1400898,,정령,돌,천지인 - 정령의 숲,,B,15.미니 산과 돌하르방들,조형물
,SD16,S,L1400901,,정령,돌,천지인 - 정령의 숲,,B,16.파란 미니 산과 등등,조형물
,SD17,S,L1400902,,정령,돌,천지인 - 정령의 숲,,B,17. 돌하르방 네개,조형물
,SD18,S,L1400904,,정령,돌,천지인 - 정령의 숲,,A,18. 얼굴 미니 산 원,조형물
,SD19,S,L1400907,,정령,돌,천지인 - 정령의 숲,,A,19. 얼굴 미니 산 투,조형물
,SD20,S,L1400912,,영혼,그림자 셰르파 부족,천지인 - 정령의 숲,,A,20. 표지판과 친구들,표지판
,TD1,T,L1400933,,도깨비,,토그리 마을,,SS,1.왕포크레인깨비,조형물/건물/h5.8 w5 d5.1
,TD2,T,L1400935,,영혼,그림자 셰르파 부족,토그리 마을,,A,2.표지판깨비,표지판
,TD3,T,L1400938,,도깨비,만물,토그리 마을,,A,3.보라 삽깨비,조형물
,TD4,T,L1400941,,도깨비,만물,토그리 마을,,A,4.하늘색 삽깨비,조형물
,TD5,T,L1400942,,도깨비,만물,토그리 마을,,A,5.흰 삽깨비,조형물
,TD6,T,L1400945,,도깨비,만물,토그리 마을,,A,6.노란 삽깨비,조형물
,TD7,T,L1400948,,도깨비,만물,토그리 마을,,B,7.연두 삽깨비,조형물
,TD8,T,L1400949,,도깨비,만물,토그리 마을,,B,8.초록 삽깨비,조형물
,TD9,T,L1400953,,도깨비,만물,토그리 마을,,B,9.하늘 삽깨비,조형물
,TD10,T,L1400954,,도깨비,만물,토그리 마을,,B,10.쩍벌 연두 삽깨비,조형물
,TD11,T,L1400957,,도깨비,만물,토그리 마을,,B,11.얼굴 반 날아간 노랑 삽깨비,조형물
,UD1,U,L1400958,,정령,,밤밤,,S,1.입술만빨간 전통도깨비얼굴,조형물
,UD2,U,L1400963,,정령,,밤밤,,S,2.연두에 눈이 하얀 전통도깨비얼굴,조형물
,UD3,U,L1400966,,정령,,밤밤,,S,3.눈에서 나무가 자란 빨간 전통도깨비얼굴,조형물
,UD4,U,L1400968,,정령,,밤밤,,S,4.코와 입이 파란 연두 전통도깨비얼굴,조형물
,UD5,U,L1400970,,정령,,밤밤,,S,5.눈에서 나무가 자란 파랑빨강 전통도깨비얼굴,조형물
,UD6,U,L1400972,,정령,,밤밤,,S,6.알록달록 전통도깨비얼굴,조형물
,UD7,U,L1400976,,정령,,밤밤,,S,7.돌색 전통도깨비얼굴,조형물
,UD8,U,L1400980,,정령,,밤밤,,S,8.손이 달린 전통도깨비얼굴,조형물
,UD9,U,L1400983,,정령,,밤밤,,S,9.몸에 노란 원이 있는 전통도깨비얼굴,조형물
,UD10,U,L1400985,,정령,,밤밤,,S,10. 돌두개 위에 시빨간 전통도깨비얼굴,조형물
,UD11,U,L1400989,,정령,,밤밤,,S,11. 눈이 빨간 전통도깨비얼굴,조형물
,UD12,U,L1400992,,정령,,밤밤,,S,12. 전통도깨비얼굴 두개,조형물
,UD13,U,L1400994,,정령,,밤밤,,S,13.빨강 돌색 전통도깨비얼굴,조형물